<?xml version="1.0" encoding="utf-8"?>
<extension type="module" version="3.1.0" client="site" method="upgrade">
    <name>Next Event</name>
    <author>Bruce Scherzinger</author>
    <version>1.0.0</version>
    <description>Searches JEvents calendar for the date of the next event selected and returns that date formatted as you specify. For detailed information about date formatting, please see the table below. Visit the site,
<![CDATA[<a href="https://dev.mysql.com/doc/refman/5.7/en/date-and-time-functions.html#function_date-format" target=_blank>MySQL Date and Time Functions</a>
<br/><br/>
<table border="1" class="informaltable" summary="Specifier characters for the DATE_FORMAT function that may be used in the format string and provides a description of each specifier character."><colgroup><col /><col /></colgroup>
<thead>
<tr><th scope="col">Specifier</th><th scope="col">Description</th></tr>
</thead>
<tbody>
<tr>
<td scope="row"><code class="literal">%a</code></td>
<td>Abbreviated weekday name (<code class="literal">Sun</code>..<code class="literal">Sat</code>)</td>
</tr>
<tr>
<td scope="row"><code class="literal">%b</code></td>
<td>Abbreviated month name (<code class="literal">Jan</code>..<code class="literal">Dec</code>)</td>
</tr>
<tr>
<td scope="row"><code class="literal">%c</code></td>
<td>Month, numeric (<code class="literal">0</code>..<code class="literal">12</code>)</td>
</tr>
<tr>
<td scope="row"><code class="literal">%D</code></td>
<td>Day of the month with English suffix (<code class="literal">0th</code>, <code class="literal">1st</code>, <code class="literal">2nd</code>, <code class="literal">3rd</code>, …)</td>
</tr>
<tr>
<td scope="row"><code class="literal">%d</code></td>
<td>Day of the month, numeric (<code class="literal">00</code>..<code class="literal">31</code>)</td>
</tr>
<tr>
<td scope="row"><code class="literal">%e</code></td>
<td>Day of the month, numeric (<code class="literal">0</code>..<code class="literal">31</code>)</td>
</tr>
<tr>
<td scope="row"><code class="literal">%f</code></td>
<td>Microseconds (<code class="literal">000000</code>..<code class="literal">999999</code>)</td>
</tr>
<tr>
<td scope="row"><code class="literal">%H</code></td>
<td>Hour (<code class="literal">00</code>..<code class="literal">23</code>)</td>
</tr>
<tr>
<td scope="row"><code class="literal">%h</code></td>
<td>Hour (<code class="literal">01</code>..<code class="literal">12</code>)</td>
</tr>
<tr>
<td scope="row"><code class="literal">%I</code></td>
<td>Hour (<code class="literal">01</code>..<code class="literal">12</code>)</td>
</tr>
<tr>
<td scope="row"><code class="literal">%i</code></td>
<td>Minutes, numeric (<code class="literal">00</code>..<code class="literal">59</code>)</td>
</tr>
<tr>
<td scope="row"><code class="literal">%j</code></td>
<td>Day of year (<code class="literal">001</code>..<code class="literal">366</code>)</td>
</tr>
<tr>
<td scope="row"><code class="literal">%k</code></td>
<td>Hour (<code class="literal">0</code>..<code class="literal">23</code>)</td>
</tr>
<tr>
<td scope="row"><code class="literal">%l</code></td>
<td>Hour (<code class="literal">1</code>..<code class="literal">12</code>)</td>
</tr>
<tr>
<td scope="row"><code class="literal">%M</code></td>
<td>Month name (<code class="literal">January</code>..<code class="literal">December</code>)</td>
</tr>
<tr>
<td scope="row"><code class="literal">%m</code></td>
<td>Month, numeric (<code class="literal">00</code>..<code class="literal">12</code>)</td>
</tr>
<tr>
<td scope="row"><code class="literal">%p</code></td>
<td><code class="literal">AM</code> or <code class="literal">PM</code></td>
</tr>
<tr>
<td scope="row"><code class="literal">%r</code></td>
<td>Time, 12-hour (<code class="literal">hh:mm:ss</code> followed by <code class="literal">AM</code> or <code class="literal">PM</code>)</td>
</tr>
<tr>
<td scope="row"><code class="literal">%S</code></td>
<td>Seconds (<code class="literal">00</code>..<code class="literal">59</code>)</td>
</tr>
<tr>
<td scope="row"><code class="literal">%s</code></td>
<td>Seconds (<code class="literal">00</code>..<code class="literal">59</code>)</td>
</tr>
<tr>
<td scope="row"><code class="literal">%T</code></td>
<td>Time, 24-hour (<code class="literal">hh:mm:ss</code>)</td>
</tr>
<tr>
<td scope="row"><code class="literal">%U</code></td>
<td>Week (<code class="literal">00</code>..<code class="literal">53</code>), where Sunday is the first day of the week; <a href="date-and-time-functions.html#function_week" class="link"><code class="literal">WEEK()</code></a> mode 0</td>
</tr>
<tr>
<td scope="row"><code class="literal">%u</code></td>
<td>Week (<code class="literal">00</code>..<code class="literal">53</code>), where Monday is the first day of the week; <a href="date-and-time-functions.html#function_week" class="link"><code class="literal">WEEK()</code></a> mode 1</td>
</tr>
<tr>
<td scope="row"><code class="literal">%V</code></td>
<td>Week (<code class="literal">01</code>..<code class="literal">53</code>), where Sunday is the first day of the week; <a href="date-and-time-functions.html#function_week" class="link"><code class="literal">WEEK()</code></a> mode 2; used with <code class="literal">%X</code></td>
</tr>
<tr>
<td scope="row"><code class="literal">%v</code></td>
<td>Week (<code class="literal">01</code>..<code class="literal">53</code>), where Monday is the first day of the week; <a href="date-and-time-functions.html#function_week" class="link"><code class="literal">WEEK()</code></a> mode 3; used with <code class="literal">%x</code></td>
</tr>
<tr>
<td scope="row"><code class="literal">%W</code></td>
<td>Weekday name (<code class="literal">Sunday</code>..<code class="literal">Saturday</code>)</td>
</tr>
<tr>
<td scope="row"><code class="literal">%w</code></td>
<td>Day of the week (<code class="literal">0</code>=Sunday..<code class="literal">6</code>=Saturday)</td>
</tr>
<tr>
<td scope="row"><code class="literal">%X</code></td>
<td>Year for the week where Sunday is the first day of the week, numeric, four digits; used with <code class="literal">%V</code></td>
</tr>
<tr>
<td scope="row"><code class="literal">%x</code></td>
<td>Year for the week, where Monday is the first day of the week, numeric, four digits; used with <code class="literal">%v</code></td>
</tr>
<tr>
<td scope="row"><code class="literal">%Y</code></td>
<td>Year, numeric, four digits</td>
</tr>
<tr>
<td scope="row"><code class="literal">%y</code></td>
<td>Year, numeric (two digits)</td>
</tr>
<tr>
<td scope="row"><code class="literal">%%</code></td>
<td>A literal <code class="literal">%</code> character</td>
</tr>
<tr>
<td scope="row"><code class="literal">%<em class="replaceable"><code>x</code></em></code></td>
<td><em class="replaceable"><code>x</code></em>, for any <span class="quote">“<span class="quote"><em class="replaceable"><code>x</code></em></span>”</span> not listed above</td>
</tr>
</tbody>
</table>]]>
    </description>
    <files>
        <filename>mod_nextevent.xml</filename>
        <filename module="mod_nextevent">mod_nextevent.php</filename>
        <filename>index.html</filename>
        <filename>helper.php</filename>
        <filename>tmpl/default.php</filename>
        <filename>tmpl/index.html</filename>
    </files>
    <config>
        <fields name="params">
            <fieldset name="basic">
                <field
                    name="eventname"
                    description="Select the event."
                    type="sql"
                    default=""
                    label="Which event?"
                    query="SELECT DISTINCT summary AS value, summary FROM #__jevents_vevdetail e JOIN #__jevents_repetition r ON e.evdet_id=r.eventdetail_id" />
                <field
                    name="dateformat"
                    description="MySQL format string for the date."
                    type="text"
                    default="%M %e, %Y"
                    label="Date format:" />
                <field
                    name="unscheduled"
                    description="What to say if the event can't be found."
                    type="text"
                    default="Unscheduled"
                    label="No Such Event:" />
                <field
                    type="spacer"
                    name="info"
                    label="Show Full Description for Help on Date Formatting&lt;hr/&gt;" />
</fieldset>
        </fields>
    </config>
    <install>
    </install>
    <uninstall>
    </uninstall>
</extension>